skewness_x,skewness_y,skewness_z,kurtosis_x,kurtosis_y,kurtosis_z,std_x,std_y,std_z,cov_xy,cov_xz,cov_yz,mpsd_x,mpsd_y,mpsd_z,spsd_x,spsd_y,spsd_z,fftx1,fftx2,fftx3,fftx4,fftx5,fftx6,fftx7,fftx8,fftx9,fftx10,fftx11,fftx12,fftx13,fftx14,fftx15,fftx16,fftx17,fftx18,fftx19,fftx20,fftx21,fftx22,fftx23,fftx24,fftx25,fftx26,fftx27,fftx28,fftx29,fftx30,fftx31,fftx32,ffty1,ffty2,ffty3,ffty4,ffty5,ffty6,ffty7,ffty8,ffty9,ffty10,ffty11,ffty12,ffty13,ffty14,ffty15,ffty16,ffty17,ffty18,ffty19,ffty20,ffty21,ffty22,ffty23,ffty24,ffty25,ffty26,ffty27,ffty28,ffty29,ffty30,ffty31,ffty32,fftz1,fftz2,fftz3,fftz4,fftz5,fftz6,fftz7,fftz8,fftz9,fftz10,fftz11,fftz12,fftz13,fftz14,fftz15,fftz16,fftz17,fftz18,fftz19,fftz20,fftz21,fftz22,fftz23,fftz24,fftz25,fftz26,fftz27,fftz28,fftz29,fftz30,fftz31,fftz32,tired
24.67864077,10.69173214,-29.33362576,8.114326687,5.353094199,7.308557264,0.043225055,0.077927011,0.047906315,0.235129863,0.235129863,-0.33806628,0.000548543,0.003411846,0.001553167,0.002133019,0.01525751,0.008385967,0.028452871,0.015988857,0.011253646,0.010957747,0.010387169,0.01026837,0.010125,0.009922876,0.009789546,0.009519524,0.00919054,0.008968266,0.00881296,0.008741857,0.008712341,0.008651614,0.008336205,0.008317872,0.00795656,0.007916393,0.00778842,0.007720128,0.007422546,0.007369093,0.007347573,0.007332746,0.007250416,0.007192325,0.006833652,0.006163521,0.006091298,0.005916784,0.07025,0.038931116,0.035164025,0.030508905,0.024914282,0.021186637,0.01989921,0.019498067,0.01813829,0.018032295,0.017379101,0.017367023,0.017293639,0.016535577,0.016435187,0.015989671,0.014423822,0.014084222,0.013678081,0.013508952,0.013261058,0.013249202,0.013108566,0.012953451,0.012090479,0.0120844,0.011991062,0.011460145,0.010302615,0.010211281,0.009590347,0.009577739,0.028452871,0.015988857,0.011253646,0.010957747,0.010387169,0.01026837,0.010125,0.009922876,0.009789546,0.009519524,0.00919054,0.008968266,0.00881296,0.008741857,0.008712341,0.008651614,0.008336205,0.008317872,0.00795656,0.007916393,0.00778842,0.007720128,0.007422546,0.007369093,0.007347573,0.007332746,0.007250416,0.007192325,0.006833652,0.006163521,0.006091298,0.005916784,0
38.40724884,10.23134762,-28.82661583,19.01812563,4.597268518,7.064160329,0.053784583,0.071642317,0.046584328,0.363733374,0.363733374,-0.47015519,0.000906061,0.002760302,0.001523976,0.002852686,0.012159411,0.008369413,0.023596376,0.023256733,0.017778266,0.014951323,0.014602544,0.014557678,0.014085454,0.012498106,0.012166963,0.012132378,0.011978092,0.011690634,0.011404511,0.010963079,0.010928035,0.009991492,0.009342703,0.009220077,0.009212077,0.009107856,0.008778529,0.008739809,0.008680472,0.008632447,0.008324774,0.008212093,0.008197229,0.008178195,0.008113916,0.007715956,0.007493601,0.007488451,0.0689,0.036739408,0.033873218,0.033330668,0.029165714,0.027271769,0.024300188,0.021642116,0.018170379,0.016944378,0.016062211,0.015788117,0.013935773,0.012941703,0.012476977,0.010866877,0.010257859,0.010088595,0.010024224,0.009288808,0.009098491,0.009011968,0.008995734,0.008715324,0.008377876,0.008376247,0.007836886,0.007492218,0.007430463,0.007398687,0.007162321,0.007096157,0.023596376,0.023256733,0.017778266,0.014951323,0.014602544,0.014557678,0.014085454,0.012498106,0.012166963,0.012132378,0.011978092,0.011690634,0.011404511,0.010963079,0.010928035,0.009991492,0.009342703,0.009220077,0.009212077,0.009107856,0.008778529,0.008739809,0.008680472,0.008632447,0.008324774,0.008212093,0.008197229,0.008178195,0.008113916,0.007715956,0.007493601,0.007488451,0
34.52481624,17.24463596,-17.03877898,26.55551712,5.982448005,9.94299943,0.062953299,0.069089151,0.04478346,0.4981991,0.4981991,-0.285793394,0.001387187,0.002684103,0.001724936,0.003825257,0.011318276,0.008904845,0.024897552,0.02168455,0.02136015,0.016905602,0.016356186,0.014654609,0.014609731,0.01459546,0.014286467,0.014146476,0.014044429,0.01335538,0.013253754,0.01277819,0.01275064,0.01265349,0.01254238,0.012539855,0.012428272,0.01189888,0.011733495,0.011516813,0.011098666,0.010852565,0.010707531,0.010675077,0.010364594,0.010308637,0.010188092,0.010134611,0.009977798,0.009777758,0.06465,0.036742072,0.028778422,0.026132297,0.019712488,0.017926647,0.016520466,0.015924955,0.015794599,0.015578188,0.014929692,0.01418245,0.014138942,0.013778373,0.013433268,0.013131067,0.012965771,0.01295966,0.012686779,0.012090743,0.012040868,0.012035983,0.011851939,0.011571184,0.011403391,0.010684331,0.010409453,0.010375825,0.010144129,0.009714676,0.009583532,0.009529597,0.024897552,0.02168455,0.02136015,0.016905602,0.016356186,0.014654609,0.014609731,0.01459546,0.014286467,0.014146476,0.014044429,0.01335538,0.013253754,0.01277819,0.01275064,0.01265349,0.01254238,0.012539855,0.012428272,0.01189888,0.011733495,0.011516813,0.011098666,0.010852565,0.010707531,0.010675077,0.010364594,0.010308637,0.010188092,0.010134611,0.009977798,0.009777758,0
14.67220218,1.774215547,-16.9189099,41.2366021,8.789043419,10.41985493,0.092181525,0.086675492,0.053691755,0.598854424,0.598854424,-0.412452552,0.002474134,0.003525341,0.001761082,0.005806059,0.014272794,0.009142831,0.026650547,0.025292687,0.02382914,0.023458498,0.02329531,0.022869857,0.022866104,0.022510938,0.020778434,0.020664352,0.020299127,0.019771654,0.018771699,0.018497415,0.018301909,0.017934561,0.017924974,0.017762978,0.01749121,0.01726231,0.017231809,0.016519061,0.016392823,0.016175319,0.015975432,0.015505887,0.015476994,0.015311759,0.015296178,0.015084458,0.014785804,0.01471976,0.070625,0.039932794,0.037093968,0.031958992,0.02793246,0.027491114,0.025126201,0.024373531,0.023905891,0.023894535,0.021182867,0.021126467,0.020450231,0.017309835,0.017078107,0.014882985,0.014772212,0.014119179,0.014097963,0.01409105,0.013672437,0.013141756,0.012974036,0.012674087,0.011945921,0.011835715,0.011795746,0.011416577,0.011104053,0.010863343,0.010765444,0.010527318,0.026650547,0.025292687,0.02382914,0.023458498,0.02329531,0.022869857,0.022866104,0.022510938,0.020778434,0.020664352,0.020299127,0.019771654,0.018771699,0.018497415,0.018301909,0.017934561,0.017924974,0.017762978,0.01749121,0.01726231,0.017231809,0.016519061,0.016392823,0.016175319,0.015975432,0.015505887,0.015476994,0.015311759,0.015296178,0.015084458,0.014785804,0.01471976,0
8.836926902,8.683976936,-7.515647601,37.78328808,13.83654632,8.591329991,0.089660174,0.104970789,0.058527113,0.671966494,0.671966494,-0.419235318,0.003249209,0.005782311,0.002205319,0.007169654,0.021733301,0.01024574,0.028817627,0.022842764,0.022588865,0.022513531,0.022310705,0.022298236,0.02207654,0.021969553,0.020322177,0.019404097,0.019371187,0.019298945,0.019161289,0.018535412,0.018060933,0.01801256,0.017924461,0.017902189,0.017728041,0.017582046,0.01683588,0.016770914,0.016709434,0.016606418,0.01654,0.016485807,0.016382728,0.015819583,0.014584376,0.014309102,0.014126291,0.01411903,0.074175,0.043870648,0.043519302,0.030633376,0.030385347,0.030161376,0.02897081,0.026260126,0.024273523,0.023878629,0.023476878,0.023286374,0.023139229,0.022757612,0.022015853,0.021615739,0.020924966,0.020437508,0.020168104,0.020119496,0.019993399,0.019980788,0.019285368,0.018472316,0.0178622,0.016649186,0.015965377,0.015732197,0.015693609,0.015463364,0.015404098,0.015164491,0.028817627,0.022842764,0.022588865,0.022513531,0.022310705,0.022298236,0.02207654,0.021969553,0.020322177,0.019404097,0.019371187,0.019298945,0.019161289,0.018535412,0.018060933,0.01801256,0.017924461,0.017902189,0.017728041,0.017582046,0.01683588,0.016770914,0.016709434,0.016606418,0.01654,0.016485807,0.016382728,0.015819583,0.014584376,0.014309102,0.014126291,0.01411903,0
26.39945097,7.046060811,-16.23140668,15.23777922,6.447181283,7.153420843,0.059643758,0.09037044,0.050735388,0.569713401,0.569713401,-0.488621107,0.001147888,0.004630503,0.00181567,0.003430248,0.020190853,0.009315734,0.028952779,0.019864699,0.019859506,0.016053117,0.014355015,0.013839643,0.013730526,0.013556346,0.013493478,0.01242786,0.012316517,0.012144688,0.012102813,0.011923143,0.011774114,0.011756291,0.01141042,0.011397704,0.011255469,0.010925997,0.010754042,0.010546514,0.010533348,0.010505681,0.010397598,0.009885113,0.009551642,0.009496053,0.009486465,0.009303571,0.009112654,0.009095279,0.075775,0.048868079,0.040672906,0.034116227,0.025505231,0.024676615,0.022058125,0.021186567,0.020576927,0.020375081,0.020362456,0.020174466,0.019564285,0.019232839,0.019035918,0.018673215,0.018463588,0.01817824,0.017860194,0.017711241,0.01661755,0.016594184,0.016295,0.016261925,0.015884763,0.015574436,0.013705232,0.012405182,0.011903429,0.011267971,0.010686847,0.010646328,0.028952779,0.019864699,0.019859506,0.016053117,0.014355015,0.013839643,0.013730526,0.013556346,0.013493478,0.01242786,0.012316517,0.012144688,0.012102813,0.011923143,0.011774114,0.011756291,0.01141042,0.011397704,0.011255469,0.010925997,0.010754042,0.010546514,0.010533348,0.010505681,0.010397598,0.009885113,0.009551642,0.009496053,0.009486465,0.009303571,0.009112654,0.009095279,0
14.1873639,9.032294468,-1.125705072,19.90575843,6.698608473,9.329213528,0.060011355,0.088310571,0.055064328,0.587035993,0.587035993,-0.478156818,0.001085552,0.004269686,0.00183037,0.003141519,0.019280272,0.008994906,0.023023503,0.020775324,0.015747292,0.01571094,0.015696362,0.015505261,0.015367911,0.015224545,0.014592475,0.014321402,0.014318055,0.014176207,0.013166178,0.013016317,0.01278621,0.012782897,0.012223594,0.011896745,0.011889431,0.011838735,0.011129017,0.010763929,0.010430014,0.010309708,0.010106987,0.009783304,0.009609872,0.0093954,0.009255372,0.009246725,0.008590819,0.008565343,0.0732,0.045907796,0.038048846,0.030469128,0.027476979,0.027180795,0.026222745,0.024550149,0.022323048,0.021778081,0.020799487,0.020749856,0.020710275,0.020102462,0.018916537,0.017709275,0.01731408,0.016859658,0.016656619,0.016455906,0.015609999,0.015357431,0.014273733,0.014080544,0.013891656,0.013830795,0.012635787,0.012038032,0.011412795,0.011202596,0.011020208,0.011004856,0.023023503,0.020775324,0.015747292,0.01571094,0.015696362,0.015505261,0.015367911,0.015224545,0.014592475,0.014321402,0.014318055,0.014176207,0.013166178,0.013016317,0.01278621,0.012782897,0.012223594,0.011896745,0.011889431,0.011838735,0.011129017,0.010763929,0.010430014,0.010309708,0.010106987,0.009783304,0.009609872,0.0093954,0.009255372,0.009246725,0.008590819,0.008565343,0
28.47862342,9.510111317,-13.77584619,14.41254258,5.697215135,7.421272643,0.059117126,0.081309578,0.046794999,0.569491933,0.569491933,-0.503718094,0.001177428,0.003835159,0.001573246,0.003597333,0.017115859,0.007866631,0.022331837,0.02177885,0.019608537,0.01754276,0.017484887,0.017069945,0.016550943,0.016377904,0.015449938,0.015043756,0.014673671,0.014510052,0.014340802,0.014308538,0.013876253,0.012593216,0.012368646,0.012256224,0.011955061,0.01067341,0.010408213,0.010220067,0.010013486,0.009676409,0.009643787,0.009511512,0.008958257,0.008818005,0.007782381,0.007636303,0.007181935,0.00714243,0.068575,0.044549408,0.036014778,0.032363982,0.026763398,0.023797707,0.021476991,0.021237122,0.020947586,0.018103144,0.018099032,0.017823308,0.017376243,0.0162887,0.016267007,0.016254611,0.014667186,0.014520666,0.014483965,0.014288085,0.013967053,0.013077645,0.012409869,0.012224428,0.011997084,0.011678443,0.011638929,0.011537464,0.011525903,0.011437009,0.011283413,0.010774048,0.022331837,0.02177885,0.019608537,0.01754276,0.017484887,0.017069945,0.016550943,0.016377904,0.015449938,0.015043756,0.014673671,0.014510052,0.014340802,0.014308538,0.013876253,0.012593216,0.012368646,0.012256224,0.011955061,0.01067341,0.010408213,0.010220067,0.010013486,0.009676409,0.009643787,0.009511512,0.008958257,0.008818005,0.007782381,0.007636303,0.007181935,0.00714243,0
6.000590226,11.84206008,-28.62044092,6.188612792,4.503497202,7.666573185,0.041165652,0.081788881,0.047056091,0.283949901,0.283949901,-0.425869116,0.000522974,0.004074205,0.001551929,0.001869187,0.017669097,0.008061145,0.028580277,0.015767794,0.014309864,0.012711997,0.012476971,0.010727481,0.010403299,0.00909016,0.009070778,0.009021205,0.007942888,0.007564698,0.007508879,0.007437829,0.007143306,0.006987557,0.006800664,0.006609124,0.006596853,0.006275,0.006210192,0.00606222,0.005920761,0.005821026,0.005776875,0.005572195,0.005488083,0.00540569,0.005094861,0.005038342,0.00482923,0.004618342,0.07305,0.042474196,0.040809249,0.039512087,0.0266287,0.024862718,0.02301395,0.02107341,0.019328977,0.017741981,0.017363474,0.016710638,0.015626329,0.015561593,0.014998365,0.014961061,0.014178955,0.013985252,0.013599241,0.013448712,0.013060183,0.012870229,0.012850595,0.012505812,0.012189142,0.011683826,0.010413498,0.010306499,0.010235459,0.010058306,0.00993812,0.009821715,0.028580277,0.015767794,0.014309864,0.012711997,0.012476971,0.010727481,0.010403299,0.00909016,0.009070778,0.009021205,0.007942888,0.007564698,0.007508879,0.007437829,0.007143306,0.006987557,0.006800664,0.006609124,0.006596853,0.006275,0.006210192,0.00606222,0.005920761,0.005821026,0.005776875,0.005572195,0.005488083,0.00540569,0.005094861,0.005038342,0.00482923,0.004618342,0
10.41107916,13.02308945,-19.15268801,21.68981103,5.914090466,7.491166466,0.068586512,0.090046368,0.054417115,0.305863271,0.305863271,-0.317237713,0.001589252,0.004618644,0.001865046,0.004572783,0.019711874,0.009646524,0.025941796,0.020469451,0.019529559,0.018886973,0.018089039,0.018007554,0.017943139,0.017723945,0.017474428,0.01736424,0.016709474,0.016036424,0.015526097,0.01497282,0.014516385,0.014262615,0.013991461,0.013708565,0.013562159,0.013404311,0.01339448,0.012978786,0.012313761,0.012263917,0.012015029,0.011863878,0.011760508,0.011564931,0.011351039,0.011312383,0.011289081,0.010846566,0.07315,0.045486578,0.042309347,0.037842189,0.022508179,0.022426767,0.022333527,0.02160627,0.021007251,0.020869162,0.02044467,0.02023445,0.019567398,0.019426385,0.01927785,0.018878759,0.018691163,0.017890551,0.017241469,0.016994716,0.016842118,0.014425777,0.014249898,0.013966585,0.013901635,0.012982168,0.012887237,0.012073146,0.011618949,0.011584915,0.010836937,0.010352398,0.025941796,0.020469451,0.019529559,0.018886973,0.018089039,0.018007554,0.017943139,0.017723945,0.017474428,0.01736424,0.016709474,0.016036424,0.015526097,0.01497282,0.014516385,0.014262615,0.013991461,0.013708565,0.013562159,0.013404311,0.01339448,0.012978786,0.012313761,0.012263917,0.012015029,0.011863878,0.011760508,0.011564931,0.011351039,0.011312383,0.011289081,0.010846566,0
16.62655094,5.934674637,-6.73257674,27.62954016,8.260982541,8.538787013,0.077663688,0.099053162,0.055304075,0.562835435,0.562835435,-0.432343408,0.002486254,0.00541696,0.002049896,0.006339999,0.021899406,0.0098877,0.026772425,0.021606452,0.021140652,0.020035624,0.019091093,0.018845702,0.018544937,0.018172927,0.018093149,0.01721088,0.017148454,0.016516297,0.016433123,0.016120519,0.015480605,0.015411316,0.015113628,0.015053365,0.014896709,0.01451367,0.014473997,0.014367925,0.014287747,0.014079562,0.014044337,0.013868478,0.013649154,0.013580849,0.01292492,0.012750125,0.012701418,0.012645864,0.073,0.043856566,0.041719943,0.041217143,0.029430867,0.023796738,0.023228338,0.021779292,0.021558,0.020896077,0.020833094,0.020143577,0.020036153,0.01877746,0.018573226,0.018319748,0.017056502,0.016860785,0.016856956,0.016713851,0.016684059,0.016626051,0.016608541,0.016072072,0.015988625,0.01596111,0.015938859,0.01592197,0.015766116,0.01568706,0.015453713,0.015383132,0.026772425,0.021606452,0.021140652,0.020035624,0.019091093,0.018845702,0.018544937,0.018172927,0.018093149,0.01721088,0.017148454,0.016516297,0.016433123,0.016120519,0.015480605,0.015411316,0.015113628,0.015053365,0.014896709,0.01451367,0.014473997,0.014367925,0.014287747,0.014079562,0.014044337,0.013868478,0.013649154,0.013580849,0.01292492,0.012750125,0.012701418,0.012645864,0
9.3927038,9.084300327,-20.47303187,15.38719966,5.357326776,6.799864454,0.058368783,0.086403926,0.050037423,0.401451144,0.401451144,-0.47409464,0.001338437,0.004710893,0.001870845,0.003901075,0.019495093,0.009603132,0.025459424,0.021183195,0.017259265,0.015965554,0.015768924,0.014742028,0.014581349,0.014404789,0.014098903,0.014006156,0.013737021,0.012375732,0.012143528,0.011966093,0.011926125,0.011905452,0.011384354,0.010782661,0.010579172,0.010496053,0.010367902,0.010354574,0.010265241,0.009954802,0.009878674,0.009739387,0.009308118,0.009272089,0.009219839,0.008605327,0.008327503,0.008007084,0.074275,0.04359646,0.042241955,0.038723543,0.023540399,0.022715152,0.022111158,0.02192812,0.021054382,0.020156995,0.019269695,0.018747305,0.017748441,0.017353762,0.017172991,0.016661028,0.015912381,0.015731555,0.014969975,0.014825639,0.014520638,0.014298421,0.014097041,0.014001603,0.013159055,0.012872464,0.012291794,0.012227771,0.011790185,0.011606156,0.011467433,0.011421749,0.025459424,0.021183195,0.017259265,0.015965554,0.015768924,0.014742028,0.014581349,0.014404789,0.014098903,0.014006156,0.013737021,0.012375732,0.012143528,0.011966093,0.011926125,0.011905452,0.011384354,0.010782661,0.010579172,0.010496053,0.010367902,0.010354574,0.010265241,0.009954802,0.009878674,0.009739387,0.009308118,0.009272089,0.009219839,0.008605327,0.008327503,0.008007084,0
2.439452708,11.13635277,-10.18191513,12.62232585,6.193497907,7.030280019,0.054604617,0.091449532,0.054710448,0.423299033,0.423299033,-0.487490652,0.00110984,0.004730158,0.002094145,0.003599831,0.019672835,0.010287958,0.022005132,0.020687442,0.019423004,0.018153846,0.01520389,0.01467087,0.01421813,0.014163398,0.013179126,0.012982337,0.012676509,0.011921693,0.01187925,0.0116914,0.010499051,0.010387494,0.010323281,0.010260706,0.009983251,0.009934931,0.009920251,0.009740833,0.008787996,0.008781872,0.00864357,0.008486011,0.008342823,0.007625864,0.007579461,0.007463172,0.0073,0.00722946,0.070375,0.04312897,0.041662771,0.038042054,0.026870962,0.025696195,0.025124153,0.023675849,0.023458667,0.021068497,0.020942266,0.02082338,0.020818663,0.020698764,0.019271859,0.018975523,0.018477041,0.01715468,0.016921319,0.016788306,0.01667842,0.016370552,0.015470014,0.015256923,0.014901975,0.01451023,0.014429791,0.014424496,0.013954415,0.013789223,0.013258984,0.012361823,0.022005132,0.020687442,0.019423004,0.018153846,0.01520389,0.01467087,0.01421813,0.014163398,0.013179126,0.012982337,0.012676509,0.011921693,0.01187925,0.0116914,0.010499051,0.010387494,0.010323281,0.010260706,0.009983251,0.009934931,0.009920251,0.009740833,0.008787996,0.008781872,0.00864357,0.008486011,0.008342823,0.007625864,0.007579461,0.007463172,0.0073,0.00722946,0
15.88012497,9.282861097,-13.83729486,17.20214702,5.212407604,7.477281448,0.059706362,0.083037235,0.049911444,0.536392592,0.536392592,-0.506352486,0.000963858,0.003925053,0.001781704,0.003019992,0.017359098,0.009297957,0.025835576,0.020765347,0.018054074,0.016590685,0.015926716,0.015136912,0.015072352,0.014686675,0.014623348,0.014346269,0.01411111,0.014015945,0.013241349,0.013113541,0.013028622,0.012737028,0.01229067,0.01165937,0.011568938,0.011462716,0.011274947,0.010740889,0.010068147,0.009901781,0.009888671,0.00979035,0.009251793,0.009123183,0.009005841,0.008361004,0.008222147,0.008177134,0.071675,0.040690544,0.040216516,0.038920416,0.027876548,0.025879838,0.022628429,0.020559642,0.018886123,0.018505716,0.018434529,0.01743752,0.016616455,0.01576143,0.01565696,0.015221471,0.015020034,0.014902151,0.014710662,0.014270841,0.014073872,0.013889886,0.013662378,0.01352781,0.013515591,0.01328124,0.012900596,0.012708436,0.012354465,0.012146223,0.012143367,0.010889147,0.025835576,0.020765347,0.018054074,0.016590685,0.015926716,0.015136912,0.015072352,0.014686675,0.014623348,0.014346269,0.01411111,0.014015945,0.013241349,0.013113541,0.013028622,0.012737028,0.01229067,0.01165937,0.011568938,0.011462716,0.011274947,0.010740889,0.010068147,0.009901781,0.009888671,0.00979035,0.009251793,0.009123183,0.009005841,0.008361004,0.008222147,0.008177134,0
24.47530489,4.759720435,-9.026555039,18.08758606,6.737594529,7.404552326,0.066527318,0.08898965,0.050600009,0.563532736,0.563532736,-0.507131067,0.000934787,0.003614239,0.001706664,0.003223159,0.015236305,0.00883141,0.026363518,0.021817577,0.020299816,0.020271399,0.019482321,0.018961502,0.01734543,0.017228194,0.016848721,0.01625501,0.016208978,0.015990746,0.015630785,0.01439847,0.013313858,0.012992969,0.012704102,0.012688927,0.012659286,0.012412542,0.011994118,0.011505029,0.011304717,0.011083653,0.010663574,0.010179023,0.010005324,0.010001813,0.009982092,0.009980306,0.009504655,0.009474875,0.0708,0.03863646,0.038345447,0.038206303,0.02452482,0.024183163,0.023779323,0.022763342,0.021267849,0.021263372,0.020074916,0.019818619,0.019221834,0.019217228,0.018999452,0.018797435,0.018510424,0.017764031,0.017129731,0.016848359,0.015933835,0.015291441,0.015250413,0.015129692,0.015129261,0.015023645,0.014372534,0.013704123,0.013697192,0.013677682,0.01343378,0.01315634,0.026363518,0.021817577,0.020299816,0.020271399,0.019482321,0.018961502,0.01734543,0.017228194,0.016848721,0.01625501,0.016208978,0.015990746,0.015630785,0.01439847,0.013313858,0.012992969,0.012704102,0.012688927,0.012659286,0.012412542,0.011994118,0.011505029,0.011304717,0.011083653,0.010663574,0.010179023,0.010005324,0.010001813,0.009982092,0.009980306,0.009504655,0.009474875,0
31.73490318,8.0572527,-18.79739059,19.53399501,5.606122605,6.693066214,0.05428502,0.079581657,0.048813954,0.42754318,0.42754318,-0.456668741,0.001086681,0.003622994,0.001854659,0.003194596,0.017755167,0.011995645,0.02115738,0.01532893,0.014538621,0.013299162,0.012931183,0.012593543,0.012140158,0.011509915,0.011507159,0.010821239,0.010370089,0.009267071,0.009255628,0.00885941,0.008805379,0.008725146,0.008705442,0.008661065,0.008327117,0.008316392,0.008305636,0.008133689,0.008028714,0.00801827,0.008009882,0.007905193,0.007889061,0.007601151,0.0075129,0.007425892,0.007413982,0.007411969,0.0671625,0.044960184,0.033985094,0.029668401,0.026349612,0.023575555,0.016840086,0.016625832,0.015542635,0.015520337,0.015482139,0.014814556,0.014630632,0.014390753,0.013685403,0.013514724,0.01328356,0.01265175,0.012199714,0.012114931,0.012023943,0.011755951,0.0109898,0.01085225,0.010802359,0.010415471,0.010392632,0.010333633,0.010118121,0.010083562,0.009881066,0.009821214,0.02115738,0.01532893,0.014538621,0.013299162,0.012931183,0.012593543,0.012140158,0.011509915,0.011507159,0.010821239,0.010370089,0.009267071,0.009255628,0.00885941,0.008805379,0.008725146,0.008705442,0.008661065,0.008327117,0.008316392,0.008305636,0.008133689,0.008028714,0.00801827,0.008009882,0.007905193,0.007889061,0.007601151,0.0075129,0.007425892,0.007413982,0.007411969,0
27.08457544,7.923537654,-22.34169172,21.78261291,5.226419983,7.239817111,0.057230785,0.083130716,0.050925685,0.34640537,0.34640537,-0.283432735,0.001043116,0.003998867,0.001988181,0.00317932,0.019676985,0.012728721,0.028490755,0.01296716,0.011866439,0.011845855,0.011453223,0.011368288,0.010675212,0.010671261,0.0105882,0.010271724,0.010149155,0.010021703,0.009938528,0.009682403,0.009658787,0.009624506,0.009536329,0.009189227,0.009159094,0.009110474,0.009034428,0.008417879,0.00839203,0.008391597,0.008360272,0.008347935,0.008320793,0.008297936,0.008224237,0.008199818,0.007905806,0.007742182,0.06935,0.042757626,0.039044992,0.031292975,0.022330543,0.022252949,0.015389578,0.015186933,0.015062011,0.014287207,0.014143222,0.013927714,0.013439047,0.013392937,0.013369034,0.013161257,0.012770447,0.012623833,0.012536472,0.012148968,0.012115257,0.011888118,0.011869499,0.011855189,0.011817131,0.011805391,0.011583742,0.011394508,0.011245925,0.011157035,0.010965501,0.010605834,0.028490755,0.01296716,0.011866439,0.011845855,0.011453223,0.011368288,0.010675212,0.010671261,0.0105882,0.010271724,0.010149155,0.010021703,0.009938528,0.009682403,0.009658787,0.009624506,0.009536329,0.009189227,0.009159094,0.009110474,0.009034428,0.008417879,0.00839203,0.008391597,0.008360272,0.008347935,0.008320793,0.008297936,0.008224237,0.008199818,0.007905806,0.007742182,0
26.7891644,5.007428881,-15.82909264,20.79598058,6.39489134,6.481482363,0.058386705,0.089949853,0.05267677,0.437839738,0.437839738,-0.445951056,0.001157421,0.004085255,0.002013959,0.003414958,0.019554739,0.012892383,0.025011495,0.016268875,0.016061398,0.015865526,0.014357176,0.013697889,0.013309423,0.011929175,0.01140268,0.011267431,0.010687281,0.010486611,0.010371193,0.010280462,0.009920396,0.009326279,0.009289732,0.008943502,0.008490502,0.008406537,0.008334613,0.008200412,0.007917784,0.007781595,0.007757596,0.007720566,0.007657827,0.007526902,0.007464851,0.007400835,0.007385368,0.007378314,0.0705125,0.043642368,0.03518816,0.031492949,0.028209804,0.023907941,0.020702676,0.019026801,0.018345322,0.01808174,0.01698885,0.016936521,0.015948558,0.015893872,0.015796944,0.014812757,0.014605689,0.014539176,0.01445502,0.014418432,0.014207083,0.013878058,0.01369347,0.0135677,0.013164861,0.013074079,0.013044592,0.012982373,0.012765823,0.012391716,0.012299351,0.011670779,0.025011495,0.016268875,0.016061398,0.015865526,0.014357176,0.013697889,0.013309423,0.011929175,0.01140268,0.011267431,0.010687281,0.010486611,0.010371193,0.010280462,0.009920396,0.009326279,0.009289732,0.008943502,0.008490502,0.008406537,0.008334613,0.008200412,0.007917784,0.007781595,0.007757596,0.007720566,0.007657827,0.007526902,0.007464851,0.007400835,0.007385368,0.007378314,0
17.75373759,2.822291754,-5.479222325,40.36826376,7.063439579,8.996804916,0.080420935,0.096589877,0.061383792,0.515038163,0.515038163,-0.500086409,0.00206116,0.004484283,0.002463619,0.004905508,0.021039837,0.015176835,0.028094548,0.02115847,0.018848991,0.018604324,0.017321923,0.017252167,0.017143859,0.017135122,0.01706425,0.016948877,0.016172694,0.014993896,0.014963415,0.014834681,0.013406915,0.012895357,0.011858298,0.011811357,0.011590161,0.011350773,0.011200983,0.01114385,0.011123711,0.01111485,0.010993949,0.010947436,0.010911968,0.01089485,0.010881295,0.010880655,0.010847165,0.010621731,0.0717125,0.047247521,0.038848022,0.038843913,0.026990805,0.026000502,0.024307582,0.024083927,0.02246983,0.021959087,0.018181378,0.017469308,0.017180859,0.01711448,0.016880713,0.016646767,0.016596411,0.016494134,0.016470205,0.016339517,0.015949716,0.015465984,0.015323934,0.014799199,0.014415239,0.014158632,0.013753282,0.013694239,0.013660588,0.013570954,0.01279041,0.012772708,0.028094548,0.02115847,0.018848991,0.018604324,0.017321923,0.017252167,0.017143859,0.017135122,0.01706425,0.016948877,0.016172694,0.014993896,0.014963415,0.014834681,0.013406915,0.012895357,0.011858298,0.011811357,0.011590161,0.011350773,0.011200983,0.01114385,0.011123711,0.01111485,0.010993949,0.010947436,0.010911968,0.01089485,0.010881295,0.010880655,0.010847165,0.010621731,0
14.27189231,9.670509792,-18.75716026,13.95745738,5.387567163,6.141682308,0.057449744,0.08330733,0.050967533,0.312683819,0.312683819,-0.329495641,0.001110116,0.00347577,0.002075659,0.003345754,0.016619546,0.013538043,0.028937907,0.017863755,0.014602307,0.014149983,0.012904592,0.011854178,0.011832287,0.011778754,0.011604877,0.010603833,0.010394447,0.01012269,0.0100531,0.009741952,0.009636154,0.009601377,0.009599894,0.00947419,0.009456001,0.009265702,0.009130317,0.008884998,0.008705883,0.008695355,0.008560961,0.008297083,0.0082783,0.008097509,0.008090163,0.008082908,0.00794568,0.007908477,0.0693375,0.044355106,0.041830088,0.03968567,0.019574408,0.017736306,0.01768332,0.017206335,0.016967521,0.014847672,0.013275224,0.012976193,0.012844842,0.012804177,0.012637955,0.012313292,0.012193158,0.012126578,0.011566964,0.011079604,0.011058036,0.010770467,0.010741232,0.010482941,0.010424226,0.010186882,0.010120392,0.00973573,0.009468798,0.009455995,0.009202671,0.009115014,0.028937907,0.017863755,0.014602307,0.014149983,0.012904592,0.011854178,0.011832287,0.011778754,0.011604877,0.010603833,0.010394447,0.01012269,0.0100531,0.009741952,0.009636154,0.009601377,0.009599894,0.00947419,0.009456001,0.009265702,0.009130317,0.008884998,0.008705883,0.008695355,0.008560961,0.008297083,0.0082783,0.008097509,0.008090163,0.008082908,0.00794568,0.007908477,0
25.56978997,9.493495723,-28.52441846,16.2561733,5.659643009,7.968717489,0.048180609,0.078234264,0.0453599,0.209470454,0.209470454,-0.337102305,0.000837262,0.003403336,0.001879448,0.002864829,0.016416321,0.012392771,0.025345332,0.015688296,0.015202934,0.011876785,0.011526502,0.011089965,0.010798827,0.010565516,0.010224722,0.010148692,0.010078282,0.009277734,0.009205534,0.008839258,0.008044977,0.007677052,0.00732365,0.007187425,0.007028777,0.006963082,0.006933439,0.006690856,0.006626084,0.006561352,0.006535939,0.00652435,0.006455092,0.006350147,0.006349249,0.006033984,0.005532403,0.005495478,0.065225,0.038808306,0.034749871,0.032616973,0.02212586,0.020496771,0.017862705,0.017727266,0.016504352,0.015371912,0.01486941,0.014377023,0.013957273,0.013384659,0.013247599,0.013011184,0.012338116,0.012210482,0.011699039,0.01167931,0.011241156,0.011022568,0.01075459,0.010631587,0.010624093,0.010554553,0.010297702,0.010254739,0.010251006,0.009696095,0.009646558,0.00961729,0.025345332,0.015688296,0.015202934,0.011876785,0.011526502,0.011089965,0.010798827,0.010565516,0.010224722,0.010148692,0.010078282,0.009277734,0.009205534,0.008839258,0.008044977,0.007677052,0.00732365,0.007187425,0.007028777,0.006963082,0.006933439,0.006690856,0.006626084,0.006561352,0.006535939,0.00652435,0.006455092,0.006350147,0.006349249,0.006033984,0.005532403,0.005495478,1
-9.243120738,8.877951457,-23.97469023,6.74694384,4.03675179,6.420802678,0.043736432,0.08017409,0.047305831,0.243379829,0.243379829,-0.405609614,0.000484933,0.003109908,0.001719469,0.001738763,0.015356219,0.011649231,0.022527091,0.014313042,0.013820596,0.013182794,0.011635315,0.011225566,0.011147568,0.011077799,0.009598872,0.008479783,0.008297751,0.007977269,0.007559318,0.00732739,0.007275827,0.006957613,0.006861594,0.006787486,0.006764064,0.006513442,0.006474903,0.006273795,0.006136504,0.006020786,0.005741013,0.005724605,0.005675725,0.005416027,0.005335854,0.005169406,0.005122269,0.004936292,0.0689875,0.043056944,0.03203628,0.025414722,0.024139232,0.024116443,0.023570482,0.016363649,0.016171123,0.015606071,0.014371728,0.014107958,0.013729038,0.013713642,0.012994289,0.012858207,0.012659248,0.012511458,0.012256652,0.011985131,0.011920703,0.01187334,0.01121029,0.011159004,0.011053181,0.010921971,0.010398272,0.010374544,0.010276476,0.010174938,0.010169489,0.009554432,0.022527091,0.014313042,0.013820596,0.013182794,0.011635315,0.011225566,0.011147568,0.011077799,0.009598872,0.008479783,0.008297751,0.007977269,0.007559318,0.00732739,0.007275827,0.006957613,0.006861594,0.006787486,0.006764064,0.006513442,0.006474903,0.006273795,0.006136504,0.006020786,0.005741013,0.005724605,0.005675725,0.005416027,0.005335854,0.005169406,0.005122269,0.004936292,1
31.73490318,8.0572527,-18.79739059,19.53399501,5.606122605,6.693066214,0.05428502,0.079581657,0.048813954,0.42754318,0.42754318,-0.456668741,0.001086681,0.003622994,0.001854659,0.003194596,0.017755167,0.011995645,0.02115738,0.01532893,0.014538621,0.013299162,0.012931183,0.012593543,0.012140158,0.011509915,0.011507159,0.010821239,0.010370089,0.009267071,0.009255628,0.00885941,0.008805379,0.008725146,0.008705442,0.008661065,0.008327117,0.008316392,0.008305636,0.008133689,0.008028714,0.00801827,0.008009882,0.007905193,0.007889061,0.007601151,0.0075129,0.007425892,0.007413982,0.007411969,0.0671625,0.044960184,0.033985094,0.029668401,0.026349612,0.023575555,0.016840086,0.016625832,0.015542635,0.015520337,0.015482139,0.014814556,0.014630632,0.014390753,0.013685403,0.013514724,0.01328356,0.01265175,0.012199714,0.012114931,0.012023943,0.011755951,0.0109898,0.01085225,0.010802359,0.010415471,0.010392632,0.010333633,0.010118121,0.010083562,0.009881066,0.009821214,0.02115738,0.01532893,0.014538621,0.013299162,0.012931183,0.012593543,0.012140158,0.011509915,0.011507159,0.010821239,0.010370089,0.009267071,0.009255628,0.00885941,0.008805379,0.008725146,0.008705442,0.008661065,0.008327117,0.008316392,0.008305636,0.008133689,0.008028714,0.00801827,0.008009882,0.007905193,0.007889061,0.007601151,0.0075129,0.007425892,0.007413982,0.007411969,1
27.08457544,7.923537654,-22.34169172,21.78261291,5.226419983,7.239817111,0.057230785,0.083130716,0.050925685,0.34640537,0.34640537,-0.283432735,0.001043116,0.003998867,0.001988181,0.00317932,0.019676985,0.012728721,0.028490755,0.01296716,0.011866439,0.011845855,0.011453223,0.011368288,0.010675212,0.010671261,0.0105882,0.010271724,0.010149155,0.010021703,0.009938528,0.009682403,0.009658787,0.009624506,0.009536329,0.009189227,0.009159094,0.009110474,0.009034428,0.008417879,0.00839203,0.008391597,0.008360272,0.008347935,0.008320793,0.008297936,0.008224237,0.008199818,0.007905806,0.007742182,0.06935,0.042757626,0.039044992,0.031292975,0.022330543,0.022252949,0.015389578,0.015186933,0.015062011,0.014287207,0.014143222,0.013927714,0.013439047,0.013392937,0.013369034,0.013161257,0.012770447,0.012623833,0.012536472,0.012148968,0.012115257,0.011888118,0.011869499,0.011855189,0.011817131,0.011805391,0.011583742,0.011394508,0.011245925,0.011157035,0.010965501,0.010605834,0.028490755,0.01296716,0.011866439,0.011845855,0.011453223,0.011368288,0.010675212,0.010671261,0.0105882,0.010271724,0.010149155,0.010021703,0.009938528,0.009682403,0.009658787,0.009624506,0.009536329,0.009189227,0.009159094,0.009110474,0.009034428,0.008417879,0.00839203,0.008391597,0.008360272,0.008347935,0.008320793,0.008297936,0.008224237,0.008199818,0.007905806,0.007742182,1
26.7891644,5.007428881,-15.82909264,20.79598058,6.39489134,6.481482363,0.058386705,0.089949853,0.05267677,0.437839738,0.437839738,-0.445951056,0.001157421,0.004085255,0.002013959,0.003414958,0.019554739,0.012892383,0.025011495,0.016268875,0.016061398,0.015865526,0.014357176,0.013697889,0.013309423,0.011929175,0.01140268,0.011267431,0.010687281,0.010486611,0.010371193,0.010280462,0.009920396,0.009326279,0.009289732,0.008943502,0.008490502,0.008406537,0.008334613,0.008200412,0.007917784,0.007781595,0.007757596,0.007720566,0.007657827,0.007526902,0.007464851,0.007400835,0.007385368,0.007378314,0.0705125,0.043642368,0.03518816,0.031492949,0.028209804,0.023907941,0.020702676,0.019026801,0.018345322,0.01808174,0.01698885,0.016936521,0.015948558,0.015893872,0.015796944,0.014812757,0.014605689,0.014539176,0.01445502,0.014418432,0.014207083,0.013878058,0.01369347,0.0135677,0.013164861,0.013074079,0.013044592,0.012982373,0.012765823,0.012391716,0.012299351,0.011670779,0.025011495,0.016268875,0.016061398,0.015865526,0.014357176,0.013697889,0.013309423,0.011929175,0.01140268,0.011267431,0.010687281,0.010486611,0.010371193,0.010280462,0.009920396,0.009326279,0.009289732,0.008943502,0.008490502,0.008406537,0.008334613,0.008200412,0.007917784,0.007781595,0.007757596,0.007720566,0.007657827,0.007526902,0.007464851,0.007400835,0.007385368,0.007378314,1
17.75373759,2.822291754,-5.479222325,40.36826376,7.063439579,8.996804916,0.080420935,0.096589877,0.061383792,0.515038163,0.515038163,-0.500086409,0.00206116,0.004484283,0.002463619,0.004905508,0.021039837,0.015176835,0.028094548,0.02115847,0.018848991,0.018604324,0.017321923,0.017252167,0.017143859,0.017135122,0.01706425,0.016948877,0.016172694,0.014993896,0.014963415,0.014834681,0.013406915,0.012895357,0.011858298,0.011811357,0.011590161,0.011350773,0.011200983,0.01114385,0.011123711,0.01111485,0.010993949,0.010947436,0.010911968,0.01089485,0.010881295,0.010880655,0.010847165,0.010621731,0.0717125,0.047247521,0.038848022,0.038843913,0.026990805,0.026000502,0.024307582,0.024083927,0.02246983,0.021959087,0.018181378,0.017469308,0.017180859,0.01711448,0.016880713,0.016646767,0.016596411,0.016494134,0.016470205,0.016339517,0.015949716,0.015465984,0.015323934,0.014799199,0.014415239,0.014158632,0.013753282,0.013694239,0.013660588,0.013570954,0.01279041,0.012772708,0.028094548,0.02115847,0.018848991,0.018604324,0.017321923,0.017252167,0.017143859,0.017135122,0.01706425,0.016948877,0.016172694,0.014993896,0.014963415,0.014834681,0.013406915,0.012895357,0.011858298,0.011811357,0.011590161,0.011350773,0.011200983,0.01114385,0.011123711,0.01111485,0.010993949,0.010947436,0.010911968,0.01089485,0.010881295,0.010880655,0.010847165,0.010621731,1
14.27189231,9.670509792,-18.75716026,13.95745738,5.387567163,6.141682308,0.057449744,0.08330733,0.050967533,0.312683819,0.312683819,-0.329495641,0.001110116,0.00347577,0.002075659,0.003345754,0.016619546,0.013538043,0.028937907,0.017863755,0.014602307,0.014149983,0.012904592,0.011854178,0.011832287,0.011778754,0.011604877,0.010603833,0.010394447,0.01012269,0.0100531,0.009741952,0.009636154,0.009601377,0.009599894,0.00947419,0.009456001,0.009265702,0.009130317,0.008884998,0.008705883,0.008695355,0.008560961,0.008297083,0.0082783,0.008097509,0.008090163,0.008082908,0.00794568,0.007908477,0.0693375,0.044355106,0.041830088,0.03968567,0.019574408,0.017736306,0.01768332,0.017206335,0.016967521,0.014847672,0.013275224,0.012976193,0.012844842,0.012804177,0.012637955,0.012313292,0.012193158,0.012126578,0.011566964,0.011079604,0.011058036,0.010770467,0.010741232,0.010482941,0.010424226,0.010186882,0.010120392,0.00973573,0.009468798,0.009455995,0.009202671,0.009115014,0.028937907,0.017863755,0.014602307,0.014149983,0.012904592,0.011854178,0.011832287,0.011778754,0.011604877,0.010603833,0.010394447,0.01012269,0.0100531,0.009741952,0.009636154,0.009601377,0.009599894,0.00947419,0.009456001,0.009265702,0.009130317,0.008884998,0.008705883,0.008695355,0.008560961,0.008297083,0.0082783,0.008097509,0.008090163,0.008082908,0.00794568,0.007908477,1
25.56978997,9.493495723,-28.52441846,16.2561733,5.659643009,7.968717489,0.048180609,0.078234264,0.0453599,0.209470454,0.209470454,-0.337102305,0.000837262,0.003403336,0.001879448,0.002864829,0.016416321,0.012392771,0.025345332,0.015688296,0.015202934,0.011876785,0.011526502,0.011089965,0.010798827,0.010565516,0.010224722,0.010148692,0.010078282,0.009277734,0.009205534,0.008839258,0.008044977,0.007677052,0.00732365,0.007187425,0.007028777,0.006963082,0.006933439,0.006690856,0.006626084,0.006561352,0.006535939,0.00652435,0.006455092,0.006350147,0.006349249,0.006033984,0.005532403,0.005495478,0.065225,0.038808306,0.034749871,0.032616973,0.02212586,0.020496771,0.017862705,0.017727266,0.016504352,0.015371912,0.01486941,0.014377023,0.013957273,0.013384659,0.013247599,0.013011184,0.012338116,0.012210482,0.011699039,0.01167931,0.011241156,0.011022568,0.01075459,0.010631587,0.010624093,0.010554553,0.010297702,0.010254739,0.010251006,0.009696095,0.009646558,0.00961729,0.025345332,0.015688296,0.015202934,0.011876785,0.011526502,0.011089965,0.010798827,0.010565516,0.010224722,0.010148692,0.010078282,0.009277734,0.009205534,0.008839258,0.008044977,0.007677052,0.00732365,0.007187425,0.007028777,0.006963082,0.006933439,0.006690856,0.006626084,0.006561352,0.006535939,0.00652435,0.006455092,0.006350147,0.006349249,0.006033984,0.005532403,0.005495478,1
-5.409962179,7.781632416,-23.29854821,6.690893848,4.116899554,6.137103699,0.043374747,0.07937521,0.046327495,0.262233892,0.262233892,-0.396138689,0.000479721,0.002856324,0.00164328,0.001710337,0.013835325,0.010335298,0.022271215,0.01880594,0.014408244,0.013568549,0.013070503,0.013061704,0.012331945,0.010946152,0.009279356,0.008928108,0.008829477,0.008450141,0.008405646,0.007880024,0.007742041,0.007458553,0.007317091,0.006905606,0.006568167,0.00648901,0.00590755,0.005898328,0.005735651,0.005627291,0.005365406,0.005311679,0.005184341,0.005154977,0.005067027,0.004983122,0.004953937,0.004833152,0.0679,0.043384531,0.029475751,0.028323921,0.026792684,0.024113349,0.022517863,0.022168471,0.019873232,0.018437863,0.016638334,0.016010994,0.015952783,0.015890021,0.015709587,0.015328989,0.014916503,0.014596032,0.01426318,0.014215615,0.014095938,0.01270331,0.012638863,0.012159618,0.0115025,0.011031243,0.010610359,0.009708594,0.009708508,0.009069549,0.009007688,0.008934159,0.022271215,0.01880594,0.014408244,0.013568549,0.013070503,0.013061704,0.012331945,0.010946152,0.009279356,0.008928108,0.008829477,0.008450141,0.008405646,0.007880024,0.007742041,0.007458553,0.007317091,0.006905606,0.006568167,0.00648901,0.00590755,0.005898328,0.005735651,0.005627291,0.005365406,0.005311679,0.005184341,0.005154977,0.005067027,0.004983122,0.004953937,0.004833152,1
34.02823462,9.566370908,-21.02923133,17.14728985,4.543538007,6.697909579,0.052247514,0.079319011,0.048874588,0.35869077,0.35869077,-0.467856561,0.001207821,0.004399141,0.001890871,0.003755673,0.021132582,0.011025845,0.023385212,0.017916827,0.015316557,0.014580034,0.013890812,0.013658604,0.01344916,0.013052405,0.012319077,0.00945551,0.009188769,0.008545618,0.008468664,0.008234252,0.008199429,0.008152425,0.008131328,0.008122205,0.008058103,0.007965973,0.007724894,0.0076636,0.00764825,0.007627515,0.007538237,0.007446077,0.007354815,0.007342231,0.00728357,0.00721889,0.007204338,0.007157224,0.069616667,0.046454783,0.035484213,0.032857986,0.022049683,0.021011682,0.020119831,0.018524659,0.018152398,0.017955904,0.017948072,0.017513818,0.017129323,0.016554744,0.014982476,0.014403471,0.013825636,0.013655673,0.013597736,0.013520338,0.012620978,0.011831568,0.011485522,0.011426017,0.011301025,0.011188741,0.011030946,0.010645465,0.010590518,0.010176387,0.010161456,0.009738299,0.023385212,0.017916827,0.015316557,0.014580034,0.013890812,0.013658604,0.01344916,0.013052405,0.012319077,0.00945551,0.009188769,0.008545618,0.008468664,0.008234252,0.008199429,0.008152425,0.008131328,0.008122205,0.008058103,0.007965973,0.007724894,0.0076636,0.00764825,0.007627515,0.007538237,0.007446077,0.007354815,0.007342231,0.00728357,0.00721889,0.007204338,0.007157224,1
17.57796184,10.21093217,-21.48595595,18.24886797,5.393696987,7.119625995,0.050622656,0.081214241,0.04995176,0.306975749,0.306975749,-0.319776821,0.000811806,0.004011671,0.001957828,0.002534588,0.019298037,0.011911721,0.022181355,0.014909517,0.014160459,0.010635068,0.010600856,0.009845753,0.009732662,0.009579062,0.009146383,0.009086771,0.009074713,0.009045978,0.008941686,0.008856818,0.008613139,0.008464006,0.008408273,0.008399858,0.008369513,0.008193719,0.008193518,0.007882963,0.007775703,0.007715054,0.007705117,0.007676253,0.00763111,0.007512034,0.007476751,0.007416425,0.007258799,0.007249797,0.0668,0.045378299,0.036440378,0.028633597,0.02711421,0.018640279,0.017738721,0.017499707,0.016809665,0.016543669,0.015435655,0.015260155,0.015160339,0.014930514,0.014883088,0.014117231,0.013959927,0.013933074,0.01317132,0.013068523,0.013020209,0.01295285,0.012642689,0.012570186,0.012436741,0.011960165,0.011726843,0.011215811,0.011008878,0.010892317,0.010733818,0.010011366,0.022181355,0.014909517,0.014160459,0.010635068,0.010600856,0.009845753,0.009732662,0.009579062,0.009146383,0.009086771,0.009074713,0.009045978,0.008941686,0.008856818,0.008613139,0.008464006,0.008408273,0.008399858,0.008369513,0.008193719,0.008193518,0.007882963,0.007775703,0.007715054,0.007705117,0.007676253,0.00763111,0.007512034,0.007476751,0.007416425,0.007258799,0.007249797,1
26.81231792,5.934605574,-21.08074716,22.22424011,5.608131219,7.069560697,0.060675441,0.083965171,0.050942238,0.420314758,0.420314758,-0.338755434,0.00116965,0.003031512,0.001769922,0.003233461,0.014973905,0.011041098,0.029192036,0.018108872,0.017620777,0.015248859,0.013769816,0.013524226,0.013254978,0.012998092,0.012724848,0.012269269,0.012116898,0.011686866,0.011527924,0.011323966,0.010867514,0.010867251,0.010565197,0.010154237,0.009989265,0.009700698,0.009603216,0.00884675,0.008660362,0.00858862,0.008321364,0.008280763,0.008274544,0.008166642,0.008143784,0.008064482,0.008042422,0.007985428,0.069683333,0.042573566,0.039591078,0.032008953,0.024308357,0.022716275,0.02001756,0.019488548,0.019055524,0.017629747,0.017201509,0.017166095,0.015761143,0.015495418,0.015014283,0.01449674,0.014387688,0.013897669,0.013222574,0.013152624,0.013151791,0.012783797,0.012756268,0.012390861,0.012373874,0.012153535,0.01212978,0.012112777,0.011727716,0.011470589,0.011085876,0.010413474,0.029192036,0.018108872,0.017620777,0.015248859,0.013769816,0.013524226,0.013254978,0.012998092,0.012724848,0.012269269,0.012116898,0.011686866,0.011527924,0.011323966,0.010867514,0.010867251,0.010565197,0.010154237,0.009989265,0.009700698,0.009603216,0.00884675,0.008660362,0.00858862,0.008321364,0.008280763,0.008274544,0.008166642,0.008143784,0.008064482,0.008042422,0.007985428,1
26.7891644,5.007428881,-15.82909264,20.79598058,6.39489134,6.481482363,0.058386705,0.089949853,0.05267677,0.437839738,0.437839738,-0.445951056,0.001157421,0.004085255,0.002013959,0.003414958,0.019554739,0.012892383,0.025011495,0.016268875,0.016061398,0.015865526,0.014357176,0.013697889,0.013309423,0.011929175,0.01140268,0.011267431,0.010687281,0.010486611,0.010371193,0.010280462,0.009920396,0.009326279,0.009289732,0.008943502,0.008490502,0.008406537,0.008334613,0.008200412,0.007917784,0.007781595,0.007757596,0.007720566,0.007657827,0.007526902,0.007464851,0.007400835,0.007385368,0.007378314,0.0705125,0.043642368,0.03518816,0.031492949,0.028209804,0.023907941,0.020702676,0.019026801,0.018345322,0.01808174,0.01698885,0.016936521,0.015948558,0.015893872,0.015796944,0.014812757,0.014605689,0.014539176,0.01445502,0.014418432,0.014207083,0.013878058,0.01369347,0.0135677,0.013164861,0.013074079,0.013044592,0.012982373,0.012765823,0.012391716,0.012299351,0.011670779,0.025011495,0.016268875,0.016061398,0.015865526,0.014357176,0.013697889,0.013309423,0.011929175,0.01140268,0.011267431,0.010687281,0.010486611,0.010371193,0.010280462,0.009920396,0.009326279,0.009289732,0.008943502,0.008490502,0.008406537,0.008334613,0.008200412,0.007917784,0.007781595,0.007757596,0.007720566,0.007657827,0.007526902,0.007464851,0.007400835,0.007385368,0.007378314,1
38.10153479,2.775881419,-9.313680102,27.88280943,7.2111422,6.03195672,0.07443185,0.096956101,0.057272548,0.530825146,0.530825146,-0.512040948,0.001491875,0.004591745,0.002335632,0.003792884,0.019982075,0.012111998,0.028941427,0.020373134,0.019640075,0.019624382,0.019354836,0.018796075,0.017886315,0.016995736,0.016942417,0.016700873,0.016553431,0.016216845,0.015704047,0.015433531,0.015353893,0.01534028,0.014875112,0.014494141,0.013905484,0.013762659,0.013666293,0.013589395,0.013558746,0.013464519,0.01326983,0.013080947,0.013002374,0.01279571,0.012463052,0.011635742,0.011409973,0.011121213,0.070875,0.047123769,0.042945723,0.040455206,0.038346891,0.025920172,0.025018495,0.023411274,0.022500713,0.022215278,0.021639952,0.019837856,0.019820446,0.019284756,0.019018918,0.01776185,0.017404115,0.017106402,0.016985948,0.016605997,0.016390077,0.016261243,0.015810734,0.015518645,0.015413062,0.014965988,0.014925503,0.014674561,0.0141698,0.01391591,0.013772584,0.013605875,0.028941427,0.020373134,0.019640075,0.019624382,0.019354836,0.018796075,0.017886315,0.016995736,0.016942417,0.016700873,0.016553431,0.016216845,0.015704047,0.015433531,0.015353893,0.01534028,0.014875112,0.014494141,0.013905484,0.013762659,0.013666293,0.013589395,0.013558746,0.013464519,0.01326983,0.013080947,0.013002374,0.01279571,0.012463052,0.011635742,0.011409973,0.011121213,1
5.878692755,2.874036658,-3.085695316,46.03060658,6.912463473,10.50923948,0.08608409,0.096336386,0.065308555,0.504245795,0.504245795,-0.491830308,0.003068031,0.00465091,0.002894427,0.006602779,0.01979943,0.013565828,0.027746349,0.020606518,0.019944633,0.019494253,0.018925089,0.018657736,0.018547447,0.018143413,0.017936031,0.017849213,0.017407844,0.017180776,0.017157181,0.016950407,0.016940547,0.016737506,0.016195317,0.016006108,0.015741017,0.015661782,0.015519266,0.015450094,0.015289893,0.014925032,0.014815481,0.014805506,0.014357131,0.014093966,0.013894217,0.013894064,0.013728559,0.013374444,0.07255,0.048172958,0.042349299,0.040029095,0.027382139,0.021392347,0.020976958,0.020054289,0.019950228,0.019897291,0.019754523,0.019523715,0.019205751,0.018972181,0.018672216,0.018503792,0.018265049,0.018066145,0.01765888,0.017471194,0.017412673,0.017107243,0.017026075,0.016679394,0.016616581,0.016563505,0.016449467,0.015870562,0.015336986,0.015298036,0.015258346,0.01524327,0.027746349,0.020606518,0.019944633,0.019494253,0.018925089,0.018657736,0.018547447,0.018143413,0.017936031,0.017849213,0.017407844,0.017180776,0.017157181,0.016950407,0.016940547,0.016737506,0.016195317,0.016006108,0.015741017,0.015661782,0.015519266,0.015450094,0.015289893,0.014925032,0.014815481,0.014805506,0.014357131,0.014093966,0.013894217,0.013894064,0.013728559,0.013374444,1
17.3479187,7.980609525,-18.51969885,14.00648069,4.855417365,6.267867443,0.060946897,0.082182173,0.05176032,0.375713239,0.375713239,-0.328294294,0.000998826,0.002942455,0.001916798,0.00303741,0.013758263,0.011927448,0.029751248,0.018375855,0.017983928,0.015095055,0.014793271,0.014555552,0.014415023,0.014010761,0.013869474,0.013815731,0.01280002,0.01251453,0.012337969,0.012263013,0.012093649,0.012076609,0.011794234,0.011646349,0.011447107,0.011157102,0.010965373,0.010706514,0.010683978,0.010167664,0.009213178,0.009073224,0.008979019,0.008911242,0.008530742,0.008432612,0.008345553,0.008310716,0.069283333,0.044434416,0.043159029,0.042264275,0.02330057,0.019771432,0.015995995,0.015420245,0.015364027,0.015055186,0.015007995,0.014946309,0.014530482,0.014431191,0.013742121,0.013443892,0.012805043,0.012697843,0.012346253,0.012327884,0.012164903,0.011805161,0.011349555,0.010889024,0.010834455,0.010749805,0.010493941,0.010485394,0.010264275,0.010109298,0.010048198,0.009584436,0.029751248,0.018375855,0.017983928,0.015095055,0.014793271,0.014555552,0.014415023,0.014010761,0.013869474,0.013815731,0.01280002,0.01251453,0.012337969,0.012263013,0.012093649,0.012076609,0.011794234,0.011646349,0.011447107,0.011157102,0.010965373,0.010706514,0.010683978,0.010167664,0.009213178,0.009073224,0.008979019,0.008911242,0.008530742,0.008432612,0.008345553,0.008310716,1
-13.34448807,14.8434126,-29.39074047,7.249586097,5.435549788,6.961092404,0.041944391,0.080407947,0.045744442,0.110695274,0.110695274,-0.295531059,0.00061772,0.00367534,0.001738982,0.002146209,0.016627974,0.010991943,0.026107051,0.016957799,0.014832161,0.013086387,0.012127549,0.011073505,0.010831835,0.009644908,0.007675512,0.007483782,0.007450993,0.007241642,0.007128879,0.006619616,0.006376071,0.006297074,0.00601248,0.005584177,0.005501827,0.005238749,0.005214121,0.005106004,0.004956449,0.004919152,0.004905817,0.004896973,0.004718875,0.004705716,0.004588907,0.004568937,0.004553223,0.004526199,0.068266667,0.044038174,0.041785601,0.040146025,0.017641023,0.017400156,0.01683014,0.016078902,0.015880856,0.015110521,0.014845517,0.014077964,0.014031069,0.013581995,0.013420598,0.013407866,0.013400174,0.013394711,0.013348692,0.013287114,0.013115983,0.01303467,0.012925047,0.012808695,0.011632584,0.011616206,0.011521062,0.011002269,0.01067913,0.010637113,0.010610187,0.010316804,0.026107051,0.016957799,0.014832161,0.013086387,0.012127549,0.011073505,0.010831835,0.009644908,0.007675512,0.007483782,0.007450993,0.007241642,0.007128879,0.006619616,0.006376071,0.006297074,0.00601248,0.005584177,0.005501827,0.005238749,0.005214121,0.005106004,0.004956449,0.004919152,0.004905817,0.004896973,0.004718875,0.004705716,0.004588907,0.004568937,0.004553223,0.004526199,1
16.7761206,5.420743182,-19.02034139,13.65736193,5.945320607,7.401048453,0.056672825,0.079634403,0.048750367,0.381910808,0.381910808,-0.471834225,0.000977692,0.003163393,0.001870358,0.003360481,0.015654,0.012326706,0.024039308,0.020999752,0.01616081,0.015766815,0.014350689,0.014011607,0.013377166,0.013152749,0.012624045,0.012136567,0.011669996,0.010904395,0.010153429,0.009797346,0.009549639,0.009512545,0.009238188,0.009125742,0.008846292,0.008650936,0.008455989,0.00822091,0.008092229,0.007987942,0.007868313,0.007836325,0.007823398,0.0077274,0.007645202,0.007581034,0.007454302,0.007079011,0.0636625,0.038242615,0.031220395,0.030101843,0.023884278,0.023598539,0.022820209,0.017737702,0.01682833,0.016566886,0.015158476,0.01508629,0.015072775,0.014924515,0.01459692,0.013893725,0.013553742,0.013526646,0.013410625,0.012518573,0.012492621,0.012395808,0.011862467,0.011751571,0.011567608,0.011476949,0.011278179,0.01087614,0.010439644,0.009891558,0.009891081,0.009830045,0.024039308,0.020999752,0.01616081,0.015766815,0.014350689,0.014011607,0.013377166,0.013152749,0.012624045,0.012136567,0.011669996,0.010904395,0.010153429,0.009797346,0.009549639,0.009512545,0.009238188,0.009125742,0.008846292,0.008650936,0.008455989,0.00822091,0.008092229,0.007987942,0.007868313,0.007836325,0.007823398,0.0077274,0.007645202,0.007581034,0.007454302,0.007079011,1
